,,"Divisional Secretariat
Division(s) (DSD) and
surrounding areas.",
Matale,,,"↑ Ukuwela,
↑↑ Yatawatta,
↑ Rattota,
↑ Wilgamuwa,
↑ Ambanganga Korale,
↑↑ Laggala Pallegama,
↑↑ Pallepola,
↑ Naula and
↑↑ Matale
Divisional Secretariat
Division(s) (DSD) and
surrounding areas."
Matara,"Pitabeddara
Divisional Secretariat
Division(s) (DSD) and
surrounding areas.",,
Nuwara Eliya,"Nuwara Eliya and
Ambagamuwa
Divisional Secretariat
Division(s) (DSD) and
surrounding areas.","Kotmale and
Hanguranketha
Divisional Secretariat
Division(s) (DSD) and
surrounding areas.","↑ Walapane
Divisional Secretariat
Division(s) (DSD) and
surrounding areas."
Ratnapura,"Openayake,
Imbulpe,
Pelmadulla,
Kahawaththa,
Balangoda,
Ratnapura,
* Eheliyagoda and
* Kuruwita
Divisional Secretariat
Division(s) (DSD) and
surrounding areas.",,
"Note: ↑shifted one level up, ↑↑shifted two levels up, ↓shifted one level down, ↓↓shifted two levels down.",,,
*Newly added with the last update,,,
Special Note: These warning levels are issued based on the cumulative rainfall received to respective areas,,,
and given weather forecast by meteorological department of Sri Lanka,,,
