"දදනික තත්ත්ව වාර්තාව- ශ්‍රී ලංකාව/epiyik mwpf;if-,yq;if/Situation Report (Dry Weather Condition)- Sri Lanka දිනය/jpfjp /Date :04th May 2026 at 1000hrs",,,,,,,,,,,,,,,,,,
"පළාත khfhzk;
Province",#,"පරිපාලන ප්‍රලද්ශය நிரவ் ாகப் பிரிவு
Administrative purview",,"ආපදාව
mdHj;jk
Disaster","ආරම්භක දිනය
mdu;j;jk;
Muk;gpj;j jpfjp
Date of
commenced","බලපෑමට ලක්වු ghjpf;fg;gl;l
Affected",,"මිය යෑම්
kuzq;f
s;
Deaths","තුවාලවු
පුද්ගලයින්
fhakil
e;NjhH
Injured
People","අතුරුදහ
න්වූ
පුද්ගලයින්
fhzhky;
NghNdhH
Missing
People","නිවාස්ත්‍ හානි
Nrjkile;j
tPLfs; Houses
Damaged",,"ලවනත් හානි பிற பாதிப்புகள்
Other Damages",,"ආරක්ිත ස්ත්‍රථාන ghJfhg;ghd
miktplk; Safe Location",,,"ලවනත් කරුණු
NtW Fwpg;Gf;fs;
Remarks"
,,"දිස්ත්‍රික්කය
மாவடட் ம்
District","ප්‍රා.ලේ. ලකා
gpuNjr nra.gp DS
Division",,,"පවුේ ස්ත්‍ංඛ්‍යාව
FLk;gq;fs;
Families","පුද්ගලයින්
egHfs;
People",,,,"පූර්ණ
හානි
KOik
Fully","අර්ධ හානි
gFjpasT
Partially","කුඩා හා මධය
පරිමාණ වයාපාරික
ස්ත්‍රථාන சிறிய,
நடுத்தர,
நிறுவனங்களி
ன் சேதங்கள்;
Small, Medium,
Enterprises
Damages","ඉතා වැදගත් යටිතල
පහසුකම් වලට වූ
හානි mbg;gilf;
fl;likg;Gf;fs;
Damages to
critical
Infrastructure","ආරක්ිත
ස්ත්‍රථාන
ස්ත්‍ංඛ්‍යාව
vz;zpf;i
f No.
of Safety
Locations","පවුේ
ස්ත්‍ංඛ්‍යාව
FLk;gq;f
s;
Families","පුද්ගලයින්
egHfs;
Persons",
"දකුණු පලාත
njd; khfhzk;
Southern",1,"ගාල්ල
fhyp
Galle",Weliwita - Dvithura,,,40,165,,,,,,,,,,,
,,,Ambalangoda,,,1050,3346,,,,,,,,,,,
,දිස්ික් එකතුෙ/khtl;l $l;Lj;njhif/District Total,,,,,1090,3511,0,0,0,0,0,0,0,0,0,0,
,පළාත් ඵකතුෙ/ khfhz $l;Lj;njhif/Province Total,,,,,1090,3511,0,0,0,0,0,0,0,0,0,0,
මුළු එකතුව nkhj;jf; $l;Lj;njhif GRAND TOTAL,,,,,,1090,3511,0,0,0,0,0,0,0,0,0,0,
ආපදා කළමනාකරණ මධ්‍යස්ථානය /mdHj;j Kfhikj;Jt epiyak;/ Disaster Management Centre,,,,,,,,,,,,,,,,,,
,,,,,,,"හදිසි ඇමතුම් / njhiyNgrp / Hot Lines: 117, 0112670002, 0112136136",,,,,,,,,,,
