"குழறந்த அழுத்தப் பிைபதசமானது இலங்ழகக்கு வதன்கிைக்காக, வதன்பமற்கு வங்கரள
விரிகுடர கடற்பைப்புகளுக்கு பமலாக வதாடர்ந்தும் நிழல வகாண்டுள்ளது. கடலில்
பயணம் வசய்பவாரும் மீனவ சமூகமும் இவ்விடயம் வதாடர்பாக வளிமண்டலவியல்
திழணக்களத்தால் வைங்கப்படும் எதிர்கால முன்னறிவிப்புகள் மற்றும் அறிக்ழககள்
வதாடர்பாக அவதானமாக இருக்குமாறு பவண்டிக் வகாள்ளப்படுகிறீர்கள்."
மழை நிழலழம:
"காலியிலிருந்து ஹம்பாந்பதாட்ழட மற்றும் மட்டக்களப்பு ஊடாக திருபகாணமழல
வழையான கழைபயாைத்திற்கு அப்பாற்பட்ட கடற்பைப்புகளில் அவ்வப்பபாது மழைபயா
அல்லது இடியுடன் கூடிய மழைபயா வபய்யக் கூடிய சாத்தியம் காணப்படுகின்றது.
நாட்ழடச் சூைவுள்ள ஏழனய கடற்பைப்புகளில் சில இடங்களில் மாழலயில் அல்லது
இைவில் மழைபயா அல்லது இடியுடன் கூடிய மழைபயா வபய்யக் கூடிய சாத்தியம்
காணப்படுகின்றது."
காற்று :
"நாட்ழடச் சூைவுள்ள கடற்பைப்புகளில் காற்றானது வடகிைக்கு திழசயிலிருந்து வீசக்
கூடும். காற்றின் பவகமானது மணித்தியாலத்துக்கு 30-40 கிபலா மீற்றர் வழை
காணப்படும் என எதிர்பார்க்கப்படுகின்றது.
வகாழும்பிலிருந்து புத்தளம் ஊடாக காங்பகசந்துழற வழையான கழைபயாைத்திற்கு
அப்பாற்பட்ட கடற்பைப்புகளிலும் மாத்தழறயிலிருந்து ஹம்பாந்பதாட்ழட வழையான
கழைபயாைத்திற்கு அப்பாற்பட்ட கடற்பைப்புகளிலும் காற்றின் பவகமானது அவ்வப்பபாது
மணித்தியாலத்துக்கு 50 கிபலா மீற்றர் வழை அதிகாிக்கக் கூடிய சாத்தியம்
காணப்படுகின்றது."
கடல் நிழல:
"வகாழும்பிலிருந்து புத்தளம் ஊடாக காங்பகசந்துழற வழையான கழைபயாைத்திற்கு
அப்பாற்பட்ட கடற்பைப்புகளும் மாத்தழறயிலிருந்து ஹம்பாந்பதாட்ழட வழையான"
